ore_studiu,prezenta,teme_predate,nota_partial,ziua_nasterii,promovat
1.4,48,3,4.2,8,nu
7.5,49,7,7.9,16,da
7.0,72,8,8.3,15,nu
10.7,54,7,7.0,30,da
4.5,69,1,5.1,18,nu
5.5,90,2,5.4,23,da
5.5,100,7,3.0,14,da
9.0,53,5,8.2,14,da
11.8,38,7,6.4,27,nu
8.5,76,5,5.9,16,da
10.2,90,9,6.8,31,da
6.5,45,4,5.2,17,da
9.7,60,7,7.7,5,da
7.2,49,6,3.3,9,nu
5.6,72,2,3.8,2,nu
3.8,77,3,4.0,17,nu
11.1,78,9,7.7,21,da
6.0,95,7,4.6,1,da
5.4,37,3,4.9,4,nu
9.0,96,5,6.7,11,da
6.9,100,3,5.1,18,nu
7.1,100,4,5.8,22,da
1.6,75,0,2.5,5,nu
2.4,78,3,4.6,12,nu
11.2,74,7,6.1,15,da
1.5,92,2,4.1,17,nu
7.5,57,6,6.1,2,da
11.1,92,8,9.0,25,da
5.8,68,4,5.2,29,nu
11.5,89,10,7.2,14,da
4.6,74,5,1,27,nu
5.6,61,7,7.5,26,da
1.1,70,3,5.0,11,nu
9.4,86,4,8.7,6,da
8.2,73,4,6.1,25,da
2.6,66,5,3.8,9,nu
5.2,75,5,4.0,21,da
6.1,64,9,5.6,9,da
0.2,96,0,3.1,2,nu
0.3,90,4,1,12,nu
5.5,50,2,7.1,20,da
5.6,100,4,4.6,22,nu
3.0,61,7,6.6,29,nu
8.3,59,10,7.2,25,da
7.0,100,6,6.5,4,da
1.5,91,3,1,10,da
6.9,59,7,6.4,8,da
2.2,98,4,2.5,29,nu
1.8,84,3,2.9,11,nu
7.5,80,6,9.3,27,da
3.2,50,1,3.8,1,nu
2.9,82,4,3.7,24,nu
4.8,100,3,5.6,11,da
4.5,51,5,6.3,22,nu
2.3,63,2,6.9,27,nu
6.3,66,5,6.6,18,da
1.7,66,0,4.9,28,nu
3.7,87,4,1.2,26,nu
1.9,62,3,3.9,9,nu
8.8,64,5,8.1,10,da
11.7,81,10,10,16,da
4.3,74,0,6.4,24,nu
2.2,60,3,5.5,29,nu
9.2,74,5,6.8,20,da
1.5,91,2,5.5,13,nu
3.6,85,5,3.0,8,nu
8.2,47,6,9.0,3,da
9.3,67,9,8.1,18,da
10.9,64,3,7.4,26,da
10.4,97,5,6.3,19,da
1.9,69,0,4.8,27,nu
3.2,79,2,3.6,11,nu
6.7,81,6,4.8,1,da
4.0,63,4,5.2,22,nu
11.4,59,5,8.7,11,da
4.8,77,6,5.1,19,da
5.0,74,2,6.4,2,da
7.6,47,1,5.5,26,da
3.3,65,3,4.1,1,nu
1.9,100,2,4.6,23,da
6.8,64,2,5.6,9,da
0.5,49,1,3.8,16,nu
4.1,56,6,4.9,27,da
7.7,84,7,4.9,15,da
3.3,80,2,4.8,14,nu
8.7,57,4,4.4,16,da
10.2,94,6,5.7,12,da
11.9,77,6,8.4,28,da
10.4,42,3,8.2,8,da
6.1,49,4,6.2,28,nu
1.6,55,0,2.6,18,nu
6.5,83,7,8.4,5,da
9.6,41,5,8.3,10,da
2.1,68,6,3.2,6,nu
9.0,62,4,5.0,31,da
2.7,55,5,2.1,5,nu
1.7,50,3,5.2,28,nu
9.8,69,10,8.1,27,da
8.0,81,10,6.9,16,da
1.9,89,3,1.6,23,nu
3.7,67,0,3.4,29,nu
8.9,75,7,6.8,6,da
2.4,35,5,5.7,18,nu
7.8,97,4,6.4,1,da
5.5,68,7,6.3,5,da
11.6,46,8,5.7,22,da
9.1,77,6,5.6,26,da
6.4,82,6,7.9,3,da
5.4,95,7,6.7,20,da
0.3,78,1,3.8,18,nu
0.2,100,4,3.3,24,nu
10.9,67,5,6.9,29,da
2.9,73,8,4.3,8,da
5.3,73,1,4.2,1,nu
2.6,67,0,4.6,28,nu
3.2,43,5,6.5,17,da
6.4,40,3,4.6,15,nu
1.3,100,7,3.7,7,da
9.0,77,8,6.5,30,da
2.6,88,0,1.6,18,nu
4.3,100,0,1.8,21,nu
11.5,100,4,6.2,2,da
2.0,81,3,3.6,16,nu
0.9,63,0,2.0,18,nu
9.8,57,6,7.1,2,nu
4.6,93,6,5.7,18,da
9.1,28,10,6.4,1,da
9.0,99,10,8.8,27,da
10.4,89,10,8.7,5,nu
4.6,91,4,3.7,17,da
1.0,68,2,3.6,29,nu
3.6,58,1,3.7,18,da
0.3,80,1,2.7,22,nu
11.3,53,5,7.9,5,nu
6.3,96,9,7.9,31,da
7.6,94,6,8.8,15,da
10.1,89,6,4.6,10,da
8.9,57,7,6.9,20,da
2.5,85,3,8.9,8,da
8.0,74,6,5.4,21,da
2.5,32,2,3.0,9,nu
11.1,71,10,10,7,da
10.2,66,6,9.8,22,da
3.7,94,4,4.3,14,da
8.3,97,3,8.5,26,da
11.5,36,7,7.6,8,nu
6.3,41,8,3.8,8,da
4.5,94,1,6.2,6,da
4.7,81,4,4.0,18,nu
1.2,72,4,2.1,29,nu
5.0,53,8,5.9,11,da
5.5,48,6,6.1,26,da
5.8,62,4,5.4,15,da
11.0,90,6,10,5,da
8.2,21,9,6.4,16,da
1.2,81,3,3.1,18,nu
5.1,64,5,6.7,26,da
9.3,62,7,7.9,3,da
7.6,48,4,5.5,28,da
2.8,80,1,3.4,18,nu
6.3,63,8,6.7,30,da
7.1,87,9,6.0,4,da
3.0,91,2,3.9,30,nu
1.5,57,5,2.4,22,nu
4.5,79,2,4.4,19,nu
0.2,52,5,3.9,1,nu
5.6,41,2,4.7,26,da
9.2,54,7,10,9,nu
2.6,80,4,3.5,31,nu
5.5,60,2,5.4,5,nu
5.0,100,9,7.5,3,da
10.5,69,6,5.5,24,nu
9.2,61,10,4.9,15,da
0.6,65,4,5.0,20,nu
0.6,47,3,4.1,21,nu
0.0,71,1,3.8,31,nu
6.3,79,6,6.2,1,da
2.3,57,4,6.9,1,nu
8.0,68,7,6.5,18,da
9.9,82,7,5.4,28,da
1.8,44,2,2.6,16,nu
2.3,77,5,6.1,5,da
3.4,92,3,6.0,30,da
3.3,67,3,4.3,13,nu
11.4,67,6,10,27,da
5.7,68,6,8.6,2,da
3.5,36,5,2.9,1,da
3.8,100,4,6.3,17,da
8.2,46,5,9.5,19,da
11.2,51,7,7.3,12,da
11.3,49,6,8.8,25,da
7.8,70,5,4.6,21,da
5.7,84,3,8.0,28,da
1.5,84,4,3.2,7,nu
8.2,91,8,5.6,13,da
11.3,78,8,7.6,25,da
5.1,52,5,6.6,12,da
7.3,68,2,6.0,25,nu
8.6,66,2,7.8,3,da
8.9,78,8,7.6,30,da
4.9,73,4,4.9,29,da
8.3,60,4,8.1,23,da
9.1,86,4,7.2,4,da
3.4,64,1,7.1,26,da
3.8,74,7,4.6,30,da
11.2,72,5,10,24,da
6.6,69,7,7.6,3,da
4.8,68,4,4.9,29,da
8.6,52,4,8.7,25,nu
11.3,65,7,8.3,16,da
2.6,67,4,6.0,17,da
8.3,67,5,5.0,28,da
1.3,56,4,4.6,8,nu
11.4,85,8,8.3,1,da
4.7,72,0,6.5,11,nu
2.1,37,0,8.5,14,da
6.1,79,5,3.9,16,da
4.1,41,4,3.4,7,nu
6.1,66,0,6.1,5,da
8.2,85,7,5.0,5,da
10.3,63,6,7.4,1,da
5.6,62,6,6.1,13,da
2.8,61,5,2.2,5,nu
9.8,60,6,7.0,9,da
10.7,100,3,7.6,8,da
9.0,43,8,6.4,1,da
10.3,73,5,4.9,30,da
8.7,76,7,7.1,6,da
11.3,69,7,10,21,da
0.5,100,5,6.4,19,da
5.4,65,6,3.9,27,da
2.8,58,2,5.3,29,nu
8.8,79,9,4.6,5,da
4.8,91,5,7.6,13,da
2.1,87,8,2.9,1,da
2.6,45,5,2.7,11,nu
2.7,39,3,6.3,2,nu
10.4,70,6,7.4,2,da
10.5,61,1,7.4,25,da
11.5,92,10,9.0,21,da
5.0,65,4,6.8,18,nu
1.3,70,4,4.6,21,nu
1.7,64,4,3.5,12,nu
1.4,65,7,3.0,4,nu
11.8,64,10,9.0,7,da
4.8,48,1,4.8,4,nu
1.6,76,4,4.5,22,nu
2.5,81,0,2.7,2,nu
0.1,66,3,4.2,11,nu
1.8,82,5,3.7,21,da
7.4,90,3,5.5,21,da
4.8,60,10,5.4,20,da
8.7,61,4,6.8,31,da
6.9,88,6,6.0,17,da
9.5,65,5,5.9,4,nu
9.1,58,5,6.7,10,da
0.5,70,4,2.7,27,nu
1.5,22,6,5.3,13,nu
11.3,59,9,8.1,18,da
0.5,83,2,1.1,2,nu
6.4,48,6,6.1,23,da
1.1,100,3,1.3,14,nu
0.4,71,0,3.5,16,da
1.0,87,1,1,17,nu
2.2,60,3,3.5,26,nu
10.3,77,10,8.0,30,da
3.3,76,5,3.2,15,nu
1.9,64,6,4.5,25,nu
3.6,55,1,4.0,21,nu
2.1,46,2,5.1,6,nu
8.8,64,3,7.9,29,da
10.0,72,8,7.8,19,da
11.1,92,9,9.8,21,da
7.4,77,6,5.7,13,da
6.0,50,5,4.5,10,nu
5.2,78,1,6.4,1,da
0.8,63,5,3.6,27,nu
5.2,54,7,5.0,30,nu
5.5,67,7,6.5,4,da
1.3,72,2,4.1,9,nu
0.3,67,1,1.1,3,nu
9.9,77,1,4.9,1,da
1.4,60,0,2.3,10,nu
3.7,78,4,3.9,24,da
7.4,50,3,7.3,10,da
9.0,85,4,9.0,27,da
7.7,43,2,8.4,11,da
0.9,66,4,2.9,13,nu
9.1,38,4,8.7,29,da
1.7,56,3,3.9,19,nu
7.3,87,6,4.7,30,da
9.7,80,8,6.4,25,da
11.9,76,5,8.6,12,da
2.6,53,3,2.5,6,nu
4.6,51,2,4.0,8,nu
7.3,100,3,6.5,9,da
5.3,83,9,3.7,21,da
6.5,59,9,5.9,14,da
10.9,76,10,8.0,27,da
7.6,59,6,7.5,19,da
9.9,98,5,8.3,2,da
11.1,59,9,9.4,31,da
8.4,64,6,10.0,29,da
2.2,82,1,7.0,27,da
9.7,53,2,5.7,22,da
0.8,48,3,2.5,19,nu
4.8,60,2,2.6,21,nu
5.9,68,5,3.3,10,da
2.3,91,0,3.3,24,nu
4.9,91,5,4.1,3,da
2.2,76,0,2.6,9,nu
11.2,58,8,8.6,3,da
5.3,82,2,5.9,11,nu
6.4,49,5,1.4,11,nu
4.2,66,4,7.8,19,da
2.1,47,1,5.1,15,nu
5.8,83,4,7.4,7,da
1.4,64,4,2.8,13,nu
9.3,82,0,6.2,15,da
2.7,85,6,1.6,31,da
6.6,87,4,6.5,9,da
10.4,83,7,10,9,da
1.9,100,2,4.3,10,nu
2.4,37,1,1.9,30,nu
7.6,54,0,7.0,25,nu
0.9,79,0,3.0,21,nu
11.7,41,10,10,10,da
4.7,76,4,4.2,23,nu
4.7,92,0,4.8,29,da
7.3,89,6,10,12,da
10.1,46,9,7.7,12,da
9.8,64,6,9.6,15,da
9.9,62,8,6.5,23,da
10.2,48,6,8.2,6,da
8.6,69,10,5.4,8,da
9.6,78,10,6.1,23,da
8.3,89,8,7.9,11,da
4.0,58,3,4.9,10,da
1.0,92,2,5.7,28,nu
7.6,67,1,3.8,18,nu
0.5,68,0,4.2,18,nu
0.1,70,4,4.2,1,nu
6.3,57,6,6.2,26,nu
2.6,70,0,3.7,8,nu
6.7,81,4,5.5,8,da
8.7,66,6,7.6,13,da
5.4,73,7,6.2,16,da
2.7,49,0,4.3,10,nu
1.2,74,3,3.4,11,nu
1.2,53,7,2.1,16,nu
8.9,40,10,8.0,12,da
11.0,100,10,8.0,19,da
6.2,80,2,5.6,15,nu
7.2,71,6,6.3,29,da
1.4,39,0,5.0,9,nu
7.1,82,5,4.7,25,da
5.6,52,5,8.5,29,da
4.7,93,4,6.6,6,da
6.6,85,4,6.1,11,da
5.9,64,3,6.3,22,da
5.1,57,1,6.8,26,da
4.7,63,4,6.6,8,nu
5.7,72,5,5.0,29,da
6.9,62,6,4.9,1,da
8.5,64,9,4.9,21,nu
5.5,52,6,6.4,25,da
8.2,52,8,6.6,11,da
3.7,41,4,5.1,3,nu
7.9,78,8,7.5,7,da
7.9,55,7,3.4,19,da
9.2,83,7,6.8,17,da
11.9,100,8,9.1,25,da
8.3,88,5,4.7,5,da
8.8,66,5,3.8,18,da
10.2,74,6,8.1,26,da
4.1,67,4,5.6,16,da
10.4,57,10,7.5,14,nu
5.2,71,9,5.0,23,da
0.6,48,3,6.4,27,nu
2.8,63,5,4.6,16,nu
7.1,34,9,7.3,6,da
2.2,53,0,5.9,17,nu
3.6,69,1,5.8,24,nu
10.7,90,4,8.6,21,da
0.3,69,4,1.9,19,nu
9.8,68,8,5.2,5,da
4.9,47,3,5.7,30,nu
9.0,100,6,7.5,17,da
2.8,65,5,2.9,7,da
4.2,82,7,3.1,27,da
11.1,59,8,6.5,2,da
0.2,78,3,3.4,31,nu
0.7,60,4,6.1,16,nu
10.7,51,7,10,23,da
7.8,71,5,6.4,8,da
11.1,52,9,10,10,da
2.3,42,6,4.8,6,nu
11.4,87,8,8.9,27,nu
3.9,58,6,5.1,5,nu
4.0,80,2,5.0,9,nu
