greutate_g,diametru_cm,alungire,rugozitate,fruct
226,7.8,0.92,0.68,portocala
188,6.9,1.3,0.44,para
189,6.0,1.27,0.42,para
164,8.2,1.07,0.96,portocala
191,7.3,0.99,0.86,portocala
164,6.6,0.9,0.25,mar
182,7.1,1.01,0.19,mar
240,7.8,1.05,0.69,portocala
154,7.4,0.79,0.2,mar
114,7.7,1.01,0.21,mar
93,7.5,0.98,0.29,mar
159,7.2,0.98,0.55,portocala
154,7.0,0.93,0.29,mar
195,6.4,1.42,0.5,para
186,7.8,0.93,0.39,portocala
153,9.2,1.1,0.51,para
199,7.7,0.99,0.69,portocala
159,5.7,1.42,0.35,para
137,7.4,1.06,0.84,portocala
179,7.6,1.46,0.24,para
159,7.3,0.89,0.21,portocala
120,5.3,1.17,0.22,para
193,6.5,1.37,0.38,para
176,7.5,1.0,0.72,portocala
191,5.3,1.32,0.25,para
178,7.6,0.94,0.18,mar
162,7.5,1.02,0.75,portocala
182,8.0,1.02,0.79,portocala
193,8.1,0.96,0.72,portocala
160,7.6,0.86,0.38,mar
166,6.6,1.27,0.27,para
179,6.8,1.3,0.38,para
228,7.0,1.45,0.2,para
171,6.4,1.0,0.38,mar
114,7.3,0.91,0.87,portocala
166,7.6,1.05,0.31,mar
137,6.1,1.28,0.28,para
192,8.2,0.92,0.57,portocala
140,7.8,0.92,0.1,mar
180,8.4,0.98,0.82,portocala
184,6.8,1.01,0.76,portocala
169,8.0,1.0,0.79,portocala
168,5.8,1.38,0.07,para
178,7.7,0.9,0.74,portocala
159,5.8,1.41,0.29,para
133,7.7,1.05,0.63,portocala
189,8.1,0.93,0.13,mar
195,6.5,1.31,0.29,para
186,7.7,1.14,0.24,mar
207,7.1,1.15,0.26,para
155,8.5,1.02,0.4,portocala
170,8.0,1.06,0.72,portocala
181,7.6,1.43,0.18,para
152,7.0,1.02,0.71,portocala
180,6.7,1.45,0.34,para
187,6.9,0.99,0.29,mar
187,8.1,1.21,0.41,para
194,8.6,1.08,0.55,portocala
111,6.7,0.98,0.64,portocala
159,6.3,1.2,0.35,para
214,7.4,1.02,0.78,portocala
170,8.1,1.04,0.91,portocala
161,8.7,0.94,0.17,portocala
188,7.7,1.02,0.75,portocala
195,7.9,1.05,0.7,portocala
150,8.0,0.92,0.29,mar
177,6.5,1.36,0.21,para
151,7.1,1.31,0.27,para
138,7.5,0.78,0.28,mar
120,7.6,0.98,0.28,mar
171,7.8,1.03,0.85,portocala
193,7.3,0.94,0.22,mar
168,7.6,0.96,0.58,portocala
193,7.4,0.95,0.75,portocala
151,7.8,0.96,0.19,mar
181,7.3,0.95,0.65,portocala
167,7.5,0.87,0.23,mar
203,7.3,1.0,0.78,portocala
212,7.8,1.21,0.11,para
182,7.9,1.05,0.6,portocala
158,7.5,1.08,0.6,portocala
192,8.2,0.99,0.24,mar
176,7.5,0.98,0.33,mar
155,7.0,1.04,0.83,portocala
135,7.2,1.06,0.67,portocala
221,6.9,0.95,0.31,mar
173,7.0,1.37,0.39,para
168,7.6,1.05,0.52,portocala
207,7.1,1.25,0.25,para
213,7.8,0.94,0.77,portocala
212,6.8,1.3,0.27,para
206,6.7,1.16,0.37,para
232,6.8,1.35,0.17,para
154,7.5,0.93,0.25,mar
187,7.8,1.46,0.4,para
140,7.5,0.98,0.1,mar
229,9.2,1.09,0.9,portocala
160,7.8,0.96,0.13,mar
137,6.4,1.03,0.72,portocala
140,7.0,1.17,0.37,para
180,8.9,1.08,0.83,portocala
191,8.0,1.0,0.81,portocala
133,7.1,1.02,0.14,mar
171,7.6,0.86,0.23,mar
168,7.0,1.27,0.27,para
163,6.3,0.87,0.3,mar
184,5.5,1.23,0.22,para
221,9.3,0.98,0.85,portocala
176,7.8,0.96,0.79,portocala
208,8.6,1.06,0.23,portocala
178,7.9,0.95,0.78,portocala
168,7.4,0.98,0.19,mar
200,8.7,0.92,0.75,portocala
165,7.5,1.24,0.36,para
183,6.2,1.42,0.29,para
205,8.8,1.03,0.66,portocala
177,8.3,0.98,0.85,portocala
203,7.5,1.32,0.4,para
205,7.1,1.17,0.26,para
158,6.5,1.35,0.07,para
176,7.7,0.97,0.19,mar
179,5.6,1.24,0.32,para
173,7.9,0.94,0.12,mar
163,7.0,0.96,0.21,mar
202,7.4,1.02,0.59,portocala
160,7.9,0.97,0.22,mar
154,6.7,0.96,0.14,mar
211,8.4,0.94,0.55,portocala
116,6.6,1.28,0.28,para
151,8.2,1.02,0.76,portocala
213,7.1,1.42,0.07,para
178,7.7,0.94,0.19,mar
180,6.0,1.03,0.32,para
179,6.7,1.48,0.44,para
165,8.5,0.91,0.68,portocala
223,7.8,1.13,0.8,portocala
210,7.9,1.01,0.75,portocala
174,5.9,1.29,0.19,para
225,7.6,1.41,0.28,para
172,7.4,0.86,0.33,mar
182,8.1,0.98,0.6,portocala
153,8.4,1.01,0.8,portocala
211,5.5,1.38,0.32,para
156,7.2,1.03,0.44,portocala
232,7.5,0.98,0.85,portocala
195,6.6,1.32,0.02,portocala
180,7.8,1.13,0.34,para
204,8.7,1.01,0.82,portocala
212,7.1,0.98,0.63,portocala
199,7.0,1.16,0.26,para
195,6.2,1.31,0.52,para
164,6.7,0.93,0.22,mar
172,7.3,1.29,0.32,para
185,7.9,1.12,0.85,portocala
174,7.4,1.0,0.31,para
192,6.9,1.39,0.32,para
195,7.2,1.0,0.17,mar
202,6.3,1.15,0.23,para
124,7.2,1.04,0.32,mar
141,7.4,0.87,0.3,mar
156,6.9,0.97,0.24,mar
201,7.2,1.01,0.57,portocala
144,7.0,0.93,0.24,mar
146,7.3,1.02,0.74,portocala
164,8.0,0.94,0.27,portocala
119,6.4,0.97,0.82,portocala
240,6.9,0.96,0.66,portocala
205,8.1,1.1,0.18,para
189,7.3,0.93,0.75,portocala
167,6.4,1.27,0.31,mar
244,6.7,1.25,0.44,para
138,6.7,1.36,0.39,para
139,7.0,0.97,0.35,mar
269,6.1,1.37,0.43,para
211,7.8,0.97,0.05,mar
143,8.1,1.04,0.65,portocala
129,6.9,0.88,0.71,portocala
203,7.0,1.05,0.56,mar
143,7.4,0.95,0.18,mar
197,8.2,0.91,0.34,mar
192,8.1,0.97,0.78,portocala
141,6.8,1.04,0.46,mar
185,8.5,1.07,0.67,portocala
157,6.7,1.31,0.38,para
174,7.2,1.3,0.31,para
225,8.2,1.02,0.79,portocala
182,7.1,1.28,0.31,para
162,7.2,0.96,0.2,mar
166,6.4,1.15,0.38,para
214,8.0,1.03,0.7,portocala
210,7.1,1.42,0.17,para
145,7.4,1.42,0.48,para
170,7.5,0.85,0.34,mar
146,5.6,1.23,0.37,para
111,7.1,1.0,0.07,mar
167,7.3,1.03,0.27,mar
146,5.9,1.15,0.47,para
182,6.5,1.2,0.28,para
175,6.7,1.22,0.2,para
132,7.3,0.91,0.4,mar
187,7.4,0.98,0.3,mar
216,8.1,1.14,0.12,para
193,7.1,1.08,0.69,portocala
127,7.7,1.07,0.38,mar
151,7.9,0.99,0.91,portocala
157,6.9,0.95,0.11,mar
170,7.5,1.08,0.64,portocala
227,8.1,0.98,0.74,portocala
195,8.1,1.02,0.25,mar
188,8.6,0.92,0.47,portocala
164,7.8,0.99,0.45,mar
112,7.9,0.94,0.23,mar
237,7.2,1.08,0.76,portocala
153,7.4,0.9,0.1,mar
182,6.3,1.27,0.38,para
158,7.8,0.9,0.31,mar
184,7.3,0.93,0.26,para
130,6.8,1.3,0.37,para
132,8.7,1.07,0.72,portocala
146,5.3,1.16,0.55,para
170,7.5,0.92,0.32,mar
128,7.3,0.96,0.2,mar
177,6.6,1.27,0.34,para
173,6.7,1.29,0.46,mar
181,5.9,1.41,0.34,para
159,6.7,1.37,0.27,para
133,7.2,0.99,0.76,portocala
223,6.9,1.22,0.09,para
215,7.4,0.9,0.37,mar
197,6.1,1.29,0.47,para
176,6.7,1.23,0.43,para
193,7.5,0.86,0.28,mar
170,8.1,0.9,0.52,portocala
135,8.0,1.04,0.72,portocala
155,8.4,1.01,0.34,mar
127,6.4,1.11,0.38,para
197,7.5,1.48,0.36,para
213,7.0,1.33,0.4,para
143,7.7,0.93,0.22,mar
137,7.7,1.06,0.24,mar
179,7.6,1.05,0.55,portocala
133,6.7,1.3,0.44,para
144,7.5,0.91,0.19,mar
133,5.6,1.42,0.37,para
162,6.2,1.34,0.33,para
157,6.1,1.27,0.4,para
143,6.9,1.07,0.08,mar
157,7.3,1.13,0.77,portocala
186,7.5,1.17,0.41,para
192,8.9,1.07,0.59,portocala
169,8.7,0.98,0.76,portocala
182,8.6,1.02,0.68,portocala
169,7.5,0.91,0.81,portocala
205,7.1,1.05,0.64,para
156,7.6,0.95,0.39,mar
166,8.1,1.02,0.21,mar
181,7.8,0.87,0.11,mar
192,6.9,0.9,0.3,mar
210,6.4,1.25,0.27,para
83,6.7,1.26,0.28,para
159,7.5,0.99,0.29,mar
163,7.8,0.96,0.26,mar
184,7.5,1.0,0.6,portocala
210,6.8,0.97,0.27,mar
161,7.7,0.98,0.73,portocala
183,6.6,1.38,0.41,para
200,6.4,1.21,0.26,para
202,7.0,1.39,0.05,para
169,7.2,1.03,0.14,mar
163,7.5,1.02,0.21,mar
184,7.8,1.15,0.78,portocala
203,6.5,1.38,0.33,para
154,7.6,0.95,0.33,mar
155,7.6,0.93,0.39,mar
151,6.8,1.03,0.16,mar
115,8.9,1.06,0.89,portocala
197,7.2,0.87,0.24,mar
147,8.9,1.02,0.69,portocala
232,7.4,1.43,0.2,para
151,8.1,1.0,0.74,portocala
195,8.0,1.11,0.63,portocala
224,7.0,1.43,0.31,para
178,7.7,0.83,0.25,mar
149,7.2,0.95,0.34,mar
185,6.9,1.27,0.38,para
137,7.6,0.96,0.75,portocala
194,5.9,1.25,0.03,para
167,7.0,1.34,0.18,para
243,8.6,0.96,0.65,portocala
155,6.1,1.45,0.24,para
193,7.9,1.02,0.44,portocala
212,7.8,1.02,0.71,portocala
137,7.1,1.36,0.27,para
156,7.1,0.86,0.3,mar
211,6.8,0.86,0.2,mar
182,6.3,1.08,0.3,para
181,7.4,1.24,0.26,para
196,7.8,1.07,0.61,portocala
199,7.4,1.23,0.34,para
139,7.6,0.99,0.31,mar
179,7.3,1.33,0.13,para
140,7.6,1.06,0.08,mar
196,7.1,1.05,0.08,mar
190,6.6,0.97,0.25,mar
140,7.7,1.02,0.34,mar
111,6.7,1.46,0.33,para
160,7.4,0.9,0.3,mar
187,7.3,0.97,0.28,mar
104,7.0,0.97,0.2,mar
154,7.7,0.94,0.22,mar
242,5.1,1.26,0.35,para
159,6.7,1.18,0.31,para
215,5.9,1.3,0.29,para
202,7.6,0.96,0.47,mar
202,5.9,1.23,0.21,para
115,6.4,1.18,0.34,para
217,5.9,1.34,0.24,para
202,7.3,1.07,0.67,portocala
180,6.1,1.42,0.48,para
195,7.2,0.97,0.26,mar
169,7.3,0.94,0.69,portocala
189,6.1,1.35,0.24,para
174,7.1,1.07,0.57,portocala
187,6.8,1.26,0.32,para
152,7.5,0.92,0.17,mar
182,6.3,1.28,0.19,para
139,7.3,1.01,0.31,mar
188,6.9,1.21,0.23,para
157,7.5,0.98,0.2,mar
214,7.5,1.05,0.78,portocala
197,7.7,1.05,0.51,portocala
149,7.1,1.01,0.71,portocala
168,7.7,0.96,0.36,mar
143,8.2,0.96,0.15,portocala
215,7.6,0.98,0.78,portocala
248,8.1,0.92,0.52,portocala
151,7.5,0.95,0.29,mar
170,8.0,0.9,0.28,mar
158,7.4,0.98,0.09,mar
155,7.4,0.91,0.27,para
201,8.2,1.05,0.84,mar
132,9.3,0.99,0.67,portocala
202,6.1,1.12,0.2,para
202,7.0,1.05,0.04,mar
198,5.6,1.33,0.28,para
199,7.2,1.08,0.81,portocala
175,7.1,0.92,0.12,mar
111,6.5,1.35,0.35,para
176,6.7,1.39,0.24,para
198,7.8,0.98,0.55,portocala
225,8.2,1.05,0.65,portocala
184,6.3,1.32,0.4,para
155,7.9,0.94,0.23,mar
184,7.8,1.01,0.64,portocala
183,7.1,0.97,0.23,mar
173,8.2,0.93,0.67,portocala
195,7.5,1.01,0.66,portocala
145,7.8,1.09,0.53,portocala
237,5.9,1.35,0.34,para
201,8.0,1.03,0.83,portocala
158,6.6,1.27,0.42,para
168,7.5,0.97,0.31,mar
178,6.3,1.16,0.27,para
206,7.4,1.07,0.57,portocala
114,7.9,0.86,0.19,mar
214,7.7,1.0,0.33,mar
204,7.5,0.95,0.2,mar
169,7.7,1.01,0.88,portocala
170,8.3,1.04,0.54,portocala
117,7.2,0.93,0.31,mar
159,8.2,0.92,0.37,para
165,8.4,0.93,0.93,portocala
146,5.9,1.22,0.3,para
202,6.3,1.41,0.22,para
196,5.9,1.32,0.3,para
209,7.3,0.99,0.08,mar
122,7.3,0.88,0.29,mar
150,7.9,1.01,0.77,portocala
189,7.3,0.9,0.33,mar
168,7.1,1.29,0.38,para
174,8.4,0.91,0.25,mar
162,7.3,0.91,0.09,mar
211,8.1,1.0,0.76,portocala
137,7.1,0.98,0.23,mar
198,7.4,1.04,0.78,portocala
191,6.4,1.36,0.08,para
170,8.1,0.9,0.29,mar
145,6.6,1.35,0.39,para
154,8.3,0.97,0.25,para
206,7.7,1.16,0.19,para
175,8.0,1.07,0.41,portocala
175,7.2,1.01,0.79,portocala
196,7.7,0.84,0,mar
190,6.5,1.51,0.04,para
110,7.1,0.98,0.81,portocala
191,7.5,0.98,0.62,portocala
137,7.9,1.0,0.77,portocala
173,7.0,1.29,0.06,para
207,8.5,0.99,0.44,para
234,6.7,1.23,0.33,para
133,7.4,0.88,0.78,portocala
133,7.7,0.93,0.31,mar
212,7.1,0.96,0.72,portocala
139,7.4,0.98,0.24,mar
147,7.8,0.99,0.23,portocala
226,7.4,1.26,0.5,para
152,8.6,1.01,0.55,portocala
217,6.6,1.16,0.41,para
182,7.1,0.95,0.25,mar
139,5.7,1.2,0.29,para
196,7.3,1.0,0.69,portocala
158,8.8,0.96,0.8,portocala
155,5.5,1.28,0.22,para
192,7.6,0.98,0.45,portocala
166,8.1,1.0,0.26,mar
191,8.0,0.98,0.61,portocala
184,7.2,0.88,0.22,mar
238,7.5,1.05,0.42,portocala
156,5.5,1.15,0.36,para
148,8.2,1.0,0.24,mar
158,7.9,0.88,0.16,mar
153,6.3,1.32,0.55,para
127,7.0,1.21,0.43,para
213,6.9,1.24,0.37,para
193,8.4,0.92,0.16,mar
213,7.0,1.28,0.28,para
200,7.8,1.06,0.58,portocala
169,6.6,1.21,0.22,para
214,6.6,1.19,0.43,para
208,6.4,0.99,0.81,portocala
197,7.0,0.98,0.19,mar
123,7.3,1.24,0.31,mar
164,6.8,1.3,0.46,para
160,7.4,0.91,0.32,mar
144,7.7,0.99,0.28,mar
214,7.8,0.95,0.58,portocala
192,8.0,1.06,0.72,portocala
239,8.6,0.97,0.49,portocala
158,6.2,1.34,0.33,para
126,7.0,1.22,0.29,para
171,7.0,1.26,0.41,para
167,8.4,0.99,0.29,mar
161,8.3,0.93,0.89,portocala
203,8.3,1.09,0.67,portocala
185,7.7,1.25,0.34,para
158,7.4,0.92,0.44,mar
155,7.0,0.85,0.29,mar
155,7.8,0.91,0.21,mar
178,8.2,1.0,0.07,mar
204,8.4,1.04,0.62,portocala
